FID,Join_Count,TARGET_FID,Id,osm_id,code,fclass,name,ref,oneway,maxspeed,layer,bridge,tunnel,pid,Lon,Lat
0,3,5,0,358455871,5122,residential, , ,B,0,0,F,F,1,113.209934,23.140674
1,3,6,0,358455871,5122,residential, , ,B,0,0,F,F,1,113.209963,23.140939
2,3,7,0,358455871,5122,residential, , ,B,0,0,F,F,1,113.209978,23.141073
3,4,8,0,358455871,5122,residential, , ,B,0,0,F,F,1,113.210018,23.141439
4,4,9,0,358455871,5122,residential, , ,B,0,0,F,F,1,113.210057,23.141793
5,3,10,0,358455871,5122,residential, , ,B,0,0,F,F,1,113.210114,23.142293
6,3,18,0,358455829,5122,residential, , ,B,0,0,F,F,1,113.211177,23.140444
7,3,19,0,358455758,5122,residential, , ,B,0,0,F,F,1,113.21121,23.140699
8,3,20,0,358455758,5122,residential, , ,B,0,0,F,F,1,113.21128,23.141246
9,3,21,0,358455758,5122,residential, , ,B,0,0,F,F,1,113.211288,23.141301
10,3,22,0,358455758,5122,residential, , ,B,0,0,F,F,1,113.211315,23.141512
11,3,23,0,358455758,5122,residential, , ,B,0,0,F,F,1,113.211322,23.141565
12,3,24,0,358455758,5122,residential, , ,B,0,0,F,F,1,113.211347,23.141758
13,4,25,0,358455758,5122,residential, , ,B,0,0,F,F,1,113.211401,23.142179
14,3,33,0,358455761,5122,residential, , ,B,0,0,F,F,1,113.213133,23.14067
15,3,34,0,358455780,5122,residential, , ,B,0,0,F,F,1,113.213206,23.141473
16,3,35,0,358455780,5122,residential, , ,B,0,0,F,F,1,113.213251,23.142037
17,3,39,0,246090108,5122,residential, , ,B,0,0,F,F,1,113.21745,23.142487
18,3,40,0,352610253,5122,residential, , ,B,0,0,F,F,1,113.217834,23.141672
19,3,41,0,352610253,5122,residential, , ,B,0,0,F,F,1,113.218302,23.140654
20,3,44,0,358455841,5122,residential, , ,B,0,0,F,F,1,113.219245,23.140987
21,3,45,0,358455777,5122,residential, , ,B,0,0,F,F,1,113.219304,23.141801
22,3,46,0,358455841,5122,residential, , ,B,0,0,F,F,1,113.220012,23.141258
23,3,58,0,190098762,5115,tertiary,如意坊路, ,B,0,0,F,F,1,113.223431,23.121381
24,3,65,0,447724760,5121,unclassified,同嘉路, ,B,0,0,F,F,1,113.226529,23.162881
25,3,66,0,447613295,5121,unclassified,明德街, ,B,0,0,F,F,1,113.226653,23.162121
26,3,67,0,352610255,5153,footway, , ,B,0,0,F,F,1,113.226067,23.124034
27,2,68,0,352610255,5153,footway, , ,B,0,0,F,F,1,113.226156,23.124082
28,3,72,0,447724761,5121,unclassified,明德街, ,B,0,0,F,F,1,113.227256,23.162195
29,2,73,0,306102831,5122,residential, , ,B,0,0,F,F,1,113.22777,23.184503
30,2,74,0,352610249,5153,footway, , ,B,0,0,T,F,1,113.226852,23.124532
31,3,75,0,447614445,5121,unclassified,明德街, ,B,0,0,F,F,1,113.227515,23.162221
32,2,77,0,447632900,5121,unclassified,明德街, ,B,0,0,F,F,1,113.227627,23.161902
33,3,78,0,447613296,5121,unclassified, , ,B,0,0,F,F,1,113.227785,23.161456
34,3,79,0,352610252,5153,footway, , ,B,0,0,F,F,1,113.227164,23.122881
35,2,87,0,447613502,5121,unclassified,明德街, ,F,0,0,F,F,1,113.228732,23.161784
36,4,95,0,249333037,5122,residential, , ,B,0,0,F,F,1,113.230457,23.138971
37,2,96,0,249333036,5123,living_street, , ,B,0,0,F,F,1,113.230486,23.140089
38,3,97,0,440471883,5122,residential,石路基, ,B,0,0,F,F,1,113.230445,23.13018
39,3,99,0,183555681,5122,residential, , ,B,0,0,F,F,1,113.230775,23.133828
40,2,107,0,249333030,5122,residential, , ,B,0,0,F,F,1,113.231495,23.143209
41,3,109,0,249333034,5124,pedestrian, , ,B,0,0,F,F,1,113.231613,23.139233
42,3,112,0,337386047,5122,residential, , ,B,0,0,F,F,1,113.232346,23.174183
43,3,119,0,249333029,5122,residential, , ,B,0,0,F,F,1,113.232238,23.139305
44,3,120,0,185175550,5122,residential, , ,B,0,0,F,F,1,113.232369,23.132776
45,3,123,0,183554710,5122,residential, , ,B,0,0,F,F,1,113.232371,23.13125
46,3,124,0,269464220,5122,residential,增埗大街, ,B,0,0,F,F,1,113.232678,23.148532
47,4,125,0,443392527,5122,residential, , ,B,0,0,F,F,1,113.232593,23.141753
48,3,126,0,154730474,5122,residential,彭城路, ,B,0,0,F,F,1,113.232741,23.147706
49,3,127,0,154730474,5122,residential,彭城路, ,B,0,0,F,F,1,113.232787,23.144926
50,3,128,0,249333029,5122,residential, , ,B,0,0,F,F,1,113.232691,23.139065
51,3,130,0,249333381,5122,residential, , ,B,0,0,F,F,1,113.232824,23.138996
52,3,131,0,249333381,5122,residential, , ,B,0,0,F,F,1,113.232844,23.138349
53,3,132,0,249333381,5122,residential, , ,B,0,0,F,F,1,113.232852,23.138076
54,3,134,0,269464222,5122,residential,南京路, ,B,0,0,F,F,1,113.23303,23.147997
55,2,135,0,249333031,5122,residential, , ,B,0,0,F,F,1,113.232969,23.139853
56,3,138,0,282005514,5122,residential,周门路, ,B,0,0,F,F,1,113.233037,23.133766
57,4,141,0,282005514,5122,residential,周门路, ,B,0,0,F,F,1,113.233071,23.13276
58,5,142,0,183554710,5122,residential, , ,B,0,0,F,F,1,113.233069,23.131816
59,3,143,0,249333029,5122,residential, , ,B,0,0,F,F,1,113.23321,23.138865
60,3,144,0,282005514,5122,residential,周门路, ,B,0,0,F,F,1,113.233088,23.131173
61,3,147,0,337386046,5122,residential, , ,B,0,0,F,F,1,113.234029,23.17405
62,3,148,0,249333032,5122,residential, , ,B,0,0,F,F,1,113.233482,23.139573
63,3,149,0,183554710,5122,residential, , ,B,0,0,F,F,1,113.233399,23.132142
64,2,150,0,337386046,5122,residential, , ,B,0,0,F,F,1,113.234143,23.175832
65,4,151,0,185548591,5122,residential, , ,B,0,0,F,F,1,113.234354,23.177525
66,2,152,0,449687418,5115,tertiary,富康路, ,B,0,0,F,F,1,113.234516,23.177971
67,3,154,0,185175541,5122,residential, , ,B,0,0,F,F,1,113.234008,23.132753
68,3,157,0,249333383,5122,residential, , ,B,0,0,F,F,1,113.234165,23.138543
69,3,158,0,249333380,5124,pedestrian, , ,B,0,0,F,F,1,113.234172,23.138384
70,3,160,0,249333029,5122,residential, , ,B,0,0,F,F,1,113.234386,23.138468
71,5,161,0,449691088,5115,tertiary,富康路, ,B,0,0,F,F,1,113.235239,23.180155
72,2,162,0,452827757,5115,tertiary,富康路, ,F,0,0,F,F,1,113.235351,23.180705
73,3,163,0,249333038,5122,residential, , ,B,0,0,F,F,1,113.234668,23.13915
74,4,164,0,183554710,5122,residential, , ,B,0,0,F,F,1,113.234604,23.133557
75,2,165,0,184497071,5122,residential, , ,B,0,0,F,F,1,113.234622,23.131185
76,4,166,0,185175530,5122,residential, , ,B,0,0,F,F,1,113.234676,23.131806
77,3,167,0,185175545,5122,residential, , ,B,0,0,F,F,1,113.23469,23.132138
78,3,169,0,185175551,5122,residential, , ,B,0,0,F,F,1,113.234965,23.133464
79,3,170,0,249333029,5122,residential, , ,B,0,0,F,F,1,113.235137,23.138059
80,4,171,0,181034011,5122,residential,彭城东路, ,B,0,0,F,F,1,113.235323,23.145137
81,2,174,0,249333042,5155,steps, , ,B,0,0,T,F,1,113.235287,23.13798
82,2,177,0,249333044,5153,footway, , ,B,0,1,T,F,1,113.235435,23.137945
83,2,178,0,183554710,5122,residential, , ,B,0,0,F,F,1,113.235405,23.135627
84,2,179,0,282005516,5122,residential, , ,B,0,0,T,F,1,113.235426,23.135865
85,3,180,0,249333049,5122,residential, , ,B,0,0,F,F,1,113.235547,23.138861
86,4,184,0,337135526,5121,unclassified, , ,B,0,0,F,F,1,113.236837,23.185509
87,2,188,0,282005523,5122,residential, , ,B,0,0,F,F,1,113.236248,23.136682
88,3,202,0,330661561,5122,residential,沙涌西街, ,B,0,0,F,F,1,113.238649,23.084793
89,3,203,0,330661561,5122,residential,沙涌西街, ,B,0,0,F,F,1,113.238754,23.084529
90,3,204,0,330661561,5122,residential,沙涌西街, ,B,0,0,F,F,1,113.238862,23.084253
91,3,205,0,330656391,5122,residential, , ,B,0,0,F,F,1,113.238931,23.082761
92,3,206,0,330661561,5122,residential,沙涌西街, ,B,0,0,F,F,1,113.23897,23.083976
93,3,207,0,330656391,5122,residential, , ,B,0,0,F,F,1,113.239026,23.082794
94,3,208,0,330661562,5122,residential, , ,B,0,0,F,F,1,113.239108,23.083607
95,3,210,0,330656397,5122,residential, , ,B,0,0,F,F,1,113.239227,23.081917
96,3,214,0,330656393,5122,residential,培真路, ,B,0,0,F,F,1,113.239499,23.081141
97,3,216,0,330656391,5122,residential, , ,B,0,0,F,F,1,113.239623,23.082999
98,4,217,0,330656389,5122,residential,沙涌新村一巷, ,B,0,0,F,F,1,113.239669,23.085069
99,4,218,0,330656386,5122,residential,沙涌新村二巷, ,B,0,0,F,F,1,113.239767,23.084788
100,3,219,0,330661559,5122,residential,沙涌新村三巷, ,B,0,0,F,F,1,113.239845,23.084561
101,3,220,0,330661560,5122,residential,沙涌新村四巷, ,B,0,0,F,F,1,113.239939,23.084262
102,3,221,0,330661558,5122,residential,沙涌中街, ,B,0,0,F,F,1,113.240014,23.08402
103,3,222,0,330656383,5122,residential,鹤翔路, ,B,0,0,F,F,1,113.240054,23.083895
104,4,223,0,310767998,5122,residential, , ,B,0,0,F,F,1,113.240903,23.133759
105,3,224,0,330656391,5122,residential, , ,B,0,0,F,F,1,113.240169,23.083187
106,3,227,0,330661556,5122,residential, , ,B,0,0,F,F,1,113.240721,23.08251
107,3,228,0,330656386,5122,residential,沙涌新村二巷, ,B,0,0,F,F,1,113.240782,23.085047
108,3,229,0,330656386,5122,residential,沙涌新村二巷, ,B,0,0,F,F,1,113.240898,23.08526
109,4,230,0,330656393,5122,residential,培真路, ,B,0,0,F,F,1,113.241261,23.081767
110,3,240,0,322009918,5122,residential, , ,B,0,0,F,F,1,113.245156,23.173568
111,2,241,0,146677769,5122,residential, , ,B,0,0,F,F,1,113.244563,23.129661
112,3,242,0,146677760,5122,residential, , ,B,0,0,F,F,1,113.244705,23.130658
113,2,243,0,255750929,5122,residential,沙涌北大街, ,B,0,0,F,F,1,113.245777,23.171329
114,3,248,0,190394499,5122,residential,乐嘉路, ,B,0,0,F,F,1,113.247559,23.171182
115,3,250,0,184497060,5122,residential, , ,B,0,0,F,F,1,113.247156,23.130309
116,3,263,0,445061111,5122,residential, , ,B,0,0,F,F,1,113.252712,23.160721
117,3,264,0,445061117,5122,residential, , ,B,0,0,F,F,1,113.253146,23.162204
118,3,271,0,445061119,5122,residential, , ,B,0,0,F,F,1,113.25472,23.162891
119,3,274,0,445061119,5122,residential, , ,B,0,0,F,F,1,113.255921,23.163108
120,3,278,0,188542613,5121,unclassified, , ,B,0,0,F,F,1,113.256048,23.158363
121,3,280,0,49401190,5122,residential, , ,B,0,0,F,F,1,113.256448,23.159318
122,3,281,0,188542613,5121,unclassified, , ,B,0,0,F,F,1,113.256569,23.158446
123,3,286,0,183401122,5122,residential, , ,B,0,0,F,F,1,113.256495,23.095859
124,4,287,0,246895371,5122,residential, , ,B,0,0,F,F,1,113.256591,23.099261
125,3,293,0,239040418,5122,residential, , ,B,0,0,F,F,1,113.257666,23.104828
126,3,295,0,190394498,5122,residential, , ,B,0,0,F,F,1,113.259012,23.165071
127,3,297,0,239040418,5122,residential, , ,B,0,0,F,F,1,113.258141,23.104972
128,2,301,0,437108417,5153,footway, , ,B,0,0,T,F,1,113.258338,23.095158
129,2,302,0,239040418,5122,residential, , ,B,0,0,F,F,1,113.258536,23.105306
130,3,303,0,437108417,5153,footway, , ,B,0,0,T,F,1,113.258403,23.095353
131,3,308,0,190394498,5122,residential, , ,B,0,0,F,F,1,113.260513,23.16517
132,3,309,0,437108415,5153,footway, , ,B,0,0,F,F,1,113.25938,23.095376
133,3,316,0,190394498,5122,residential, , ,B,0,0,F,F,1,113.261346,23.165294
134,3,317,0,443386422,5115,tertiary,松柏东街, ,B,0,0,F,F,1,113.261431,23.164594
135,2,318,0,437108414,5153,footway, , ,B,0,0,F,F,1,113.260341,23.095012
136,2,319,0,443386422,5115,tertiary,松柏东街, ,B,0,0,F,F,1,113.261551,23.165883
137,2,320,0,450229884,5115,tertiary,松柏东街, ,B,0,0,F,F,1,113.261733,23.166317
138,3,322,0,183362157,5122,residential, , ,B,0,0,F,F,1,113.260707,23.100433
139,2,323,0,449049273,5115,tertiary,松柏东街, ,B,0,0,F,F,1,113.262304,23.168328
140,3,324,0,450085840,5115,tertiary,松柏东街, ,B,0,0,F,F,1,113.262346,23.168713
141,2,325,0,450085840,5115,tertiary,松柏东街, ,B,0,0,F,F,1,113.26235,23.168831
142,2,326,0,443394405,5115,tertiary,松柏东街, ,B,0,0,F,F,1,113.262369,23.169893
143,2,327,0,139936431,5122,residential,云苑一街, ,B,0,0,F,F,1,113.262448,23.168123
144,3,328,0,337543865,5122,residential, , ,B,0,0,F,F,1,113.262546,23.168377
145,4,329,0,183362162,5122,residential, , ,B,0,0,F,F,1,113.261396,23.099187
146,4,331,0,337543865,5122,residential, , ,B,0,0,F,F,1,113.262706,23.168686
147,3,333,0,183400990,5122,residential, , ,B,0,0,F,F,1,113.262052,23.09808
148,3,335,0,139633265,5122,residential, , ,B,0,0,F,F,1,113.263638,23.169836
149,3,341,0,183362160,5122,residential, , ,B,0,0,F,F,1,113.263408,23.098769
150,3,342,0,183362162,5122,residential, , ,B,0,0,F,F,1,113.263449,23.100526
151,3,343,0,183362160,5122,residential, , ,B,0,0,F,F,1,113.263517,23.100394
152,4,346,0,183400990,5122,residential, , ,B,0,0,F,F,1,113.263724,23.098175
153,3,347,0,139633300,5122,residential, , ,B,0,0,F,F,1,113.265268,23.169368
154,3,349,0,185697206,5122,residential, , ,B,0,0,F,F,1,113.266182,23.208743
155,3,353,0,139633276,5122,residential,云龙路, ,B,0,0,F,F,1,113.266049,23.171602
156,4,355,0,437526962,5122,residential, , ,B,0,0,F,F,1,113.264821,23.095582
157,3,356,0,139633300,5122,residential, , ,B,0,0,F,F,1,113.266207,23.16912
158,3,357,0,183400990,5122,residential, , ,B,0,0,F,F,1,113.265148,23.098867
159,3,359,0,139936437,5122,residential,云苑二街, ,B,0,0,F,F,1,113.266385,23.167399
160,3,360,0,437526961,5122,residential, , ,B,0,0,F,F,1,113.265169,23.094687
161,3,362,0,139936437,5122,residential,云苑二街, ,B,0,0,F,F,1,113.266579,23.16771
162,3,363,0,139633280,5122,residential, , ,B,0,0,F,F,1,113.266826,23.170873
163,3,364,0,139633280,5122,residential, , ,B,0,0,F,F,1,113.266972,23.171324
164,3,370,0,188152356,5122,residential, , ,B,0,0,F,F,1,113.266371,23.096297
165,3,372,0,188152356,5122,residential, , ,B,0,0,F,F,1,113.266448,23.096332
166,3,374,0,185697208,5122,residential, , ,B,0,0,F,F,1,113.268386,23.209373
167,2,375,0,183302636,5122,residential, , ,B,0,0,F,F,1,113.266924,23.112556
168,3,379,0,186109157,5122,residential, , ,B,0,0,F,F,1,113.267123,23.108027
169,3,384,0,188152356,5122,residential, , ,B,0,0,F,F,1,113.267326,23.096734
170,3,385,0,188152356,5122,residential, , ,B,0,0,F,F,1,113.267468,23.0968
171,3,387,0,188152356,5122,residential, , ,B,0,0,F,F,1,113.268063,23.097077
172,2,389,0,186108990,5122,residential, , ,B,0,0,F,F,1,113.268342,23.111303
173,3,391,0,186108990,5122,residential, , ,B,0,0,F,F,1,113.268579,23.11204
174,3,396,0,242211127,5122,residential, , ,B,0,0,F,F,1,113.271393,23.206245
175,2,402,0,139932250,5122,residential, , ,B,0,0,F,F,1,113.27231,23.213549
176,4,405,0,185697043,5122,residential, , ,B,0,0,F,F,1,113.272361,23.208179
177,3,407,0,389338922,5122,residential, , ,B,0,0,F,F,1,113.272589,23.214596
178,3,409,0,445046662,5122,residential, , ,B,0,0,F,F,1,113.270682,23.097575
179,3,410,0,389338922,5122,residential, , ,B,0,0,F,F,1,113.272747,23.215343
180,2,411,0,185697043,5122,residential, , ,B,0,0,F,F,1,113.272784,23.208097
181,3,412,0,194643917,5122,residential, , ,B,0,0,F,F,1,113.271497,23.098308
182,3,413,0,139932233,5122,residential, , ,B,0,0,F,F,1,113.273534,23.209948
183,3,415,0,139932233,5122,residential, , ,B,0,0,F,F,1,113.273866,23.211069
184,3,416,0,27336706,5122,residential, , ,B,0,0,F,F,1,113.272299,23.106084
185,3,417,0,139932233,5122,residential, , ,B,0,0,F,F,1,113.274166,23.212365
186,4,419,0,139932233,5122,residential, , ,B,0,0,F,F,1,113.274366,23.21347
187,3,420,0,139932233,5122,residential, , ,B,0,0,F,F,1,113.274506,23.214281
188,3,421,0,139932233,5122,residential, , ,B,0,0,F,F,1,113.274548,23.214522
189,3,423,0,139932233,5122,residential, , ,B,0,0,F,F,1,113.274584,23.214727
190,2,424,0,194325504,5122,residential, , ,B,0,0,F,F,1,113.272642,23.099648
191,3,425,0,436823055,5122,residential, , ,B,0,0,F,F,1,113.272949,23.099808
192,3,426,0,437097619,5153,footway, , ,B,0,0,F,F,1,113.273298,23.098946
193,3,428,0,436823055,5122,residential, , ,B,0,0,F,F,1,113.274079,23.100154
194,2,435,0,194325503,5122,residential, , ,B,0,0,F,F,1,113.274885,23.100588
195,4,439,0,437097624,5153,footway, , ,B,0,0,F,F,1,113.275209,23.100205
196,4,440,0,191317324,5122,residential, , ,B,0,0,F,F,1,113.275093,23.092412
197,2,441,0,194643916,5153,footway, , ,B,0,0,T,F,1,113.275271,23.1006
198,2,443,0,437097629,5153,footway, , ,B,0,0,F,F,1,113.275559,23.099044
199,2,444,0,437097627,5153,footway, , ,B,0,0,T,F,1,113.275575,23.099223
200,3,445,0,191317324,5122,residential, , ,B,0,0,F,F,1,113.275507,23.094664
201,3,447,0,437097620,5153,footway, , ,B,0,0,F,F,1,113.275734,23.098554
202,3,448,0,437097641,5153,footway, , ,B,0,0,F,F,1,113.275777,23.100731
203,3,450,0,437097622,5153,footway, , ,B,0,0,F,F,1,113.275803,23.098524
204,3,452,0,437097630,5153,footway, , ,B,0,0,F,F,1,113.275839,23.098898
205,3,453,0,437097641,5153,footway, , ,B,0,0,F,F,1,113.27591,23.101161
206,3,454,0,437097622,5153,footway, , ,B,0,0,F,F,1,113.275868,23.097884
207,3,455,0,188152355,5122,residential, , ,B,0,0,F,F,1,113.275845,23.09497
208,3,456,0,437097620,5153,footway, , ,B,0,0,F,F,1,113.276323,23.098561
209,3,458,0,437097639,5153,footway, , ,B,0,0,F,F,1,113.276543,23.101329
210,3,459,0,437097639,5153,footway, , ,B,0,0,F,F,1,113.276544,23.100974
211,3,460,0,437097639,5153,footway, , ,B,0,0,F,F,1,113.276669,23.100388
212,3,461,0,437097629,5153,footway, , ,B,0,0,F,F,1,113.276658,23.099082
213,3,462,0,437097619,5153,footway, , ,B,0,0,F,F,1,113.27678,23.098966
214,3,463,0,329083128,5122,residential, , ,B,0,0,F,F,1,113.276826,23.094422
215,3,465,0,436823055,5122,residential, , ,B,0,0,F,F,1,113.277039,23.09885
216,3,466,0,188151978,5115,tertiary, , ,B,0,0,F,F,1,113.277003,23.092371
217,2,467,0,437097637,5153,footway, , ,B,0,0,T,F,1,113.277144,23.099339
218,3,468,0,437105493,5122,residential, , ,B,0,0,F,F,1,113.277365,23.09463
219,3,471,0,329083127,5122,residential, , ,B,0,0,F,F,1,113.277756,23.092516
220,3,473,0,437105493,5122,residential, , ,B,0,0,F,F,1,113.278234,23.094966
221,3,477,0,329083127,5122,residential, , ,B,0,0,F,F,1,113.278318,23.09263
222,4,478,0,294842693,5153,footway, , ,B,0,0,F,F,1,113.278967,23.130845
223,3,479,0,295825964,5153,footway, , ,B,0,0,F,F,1,113.279011,23.131531
224,4,480,0,295825966,5153,footway, , ,B,0,0,F,F,1,113.279166,23.131382
225,3,482,0,295825977,5153,footway, , ,B,0,0,F,F,1,113.279307,23.130667
226,3,483,0,295825964,5153,footway, , ,B,0,0,F,F,1,113.279356,23.131865
227,4,484,0,294842693,5153,footway, , ,B,0,0,F,F,1,113.279369,23.131154
228,3,486,0,294842690,5153,footway, , ,B,0,0,F,F,1,113.27938,23.130403
229,3,488,0,295825976,5153,footway, , ,B,0,0,F,F,1,113.279562,23.130737
230,3,489,0,294842690,5153,footway, , ,B,0,0,F,F,1,113.279667,23.131064
231,3,490,0,295825970,5153,footway, , ,B,0,0,F,F,1,113.279752,23.131393
232,3,491,0,329083127,5122,residential, , ,B,0,0,F,F,1,113.279177,23.092944
233,3,493,0,294842690,5153,footway, , ,B,0,0,F,F,1,113.279871,23.131224
234,3,494,0,307860237,5122,residential,麓苑路, ,B,0,0,F,F,1,113.280312,23.143958
235,3,495,0,295824003,5153,footway, , ,B,0,0,F,F,1,113.280135,23.132879
236,3,498,0,328305873,5153,footway, , ,B,0,0,F,F,1,113.280291,23.13277
237,3,500,0,294842690,5153,footway, , ,B,0,0,F,F,1,113.280471,23.131326
238,3,502,0,437105807,5122,residential, , ,B,0,0,F,F,1,113.279875,23.09468
239,3,504,0,330026922,5122,residential, , ,B,0,0,F,F,1,113.280876,23.143802
240,4,507,0,295825971,5153,footway, , ,B,0,0,F,F,1,113.280799,23.131287
241,3,508,0,295825975,5153,footway, , ,B,0,0,F,F,1,113.280865,23.131075
242,3,509,0,437105813,5153,footway, , ,B,0,0,F,F,1,113.280269,23.094349
243,3,510,0,295825973,5153,footway, , ,B,0,0,F,F,1,113.280889,23.130678
244,3,512,0,295824004,5153,footway, , ,B,0,0,F,F,1,113.280995,23.13281
245,3,514,0,294842691,5153,footway, , ,B,0,0,F,F,1,113.281192,23.131006
246,3,516,0,294842690,5153,footway, , ,B,0,0,F,F,1,113.281234,23.131687
247,3,517,0,437096992,5122,residential, , ,B,0,0,F,F,1,113.280695,23.099289
248,4,518,0,234791697,5153,footway, , ,B,0,0,F,F,1,113.281328,23.132094
249,3,519,0,294842690,5153,footway, , ,B,0,0,F,F,1,113.281351,23.132501
250,2,521,0,234791697,5153,footway, , ,B,0,0,F,F,1,113.281436,23.132094
251,3,523,0,295824004,5153,footway, , ,B,0,0,F,F,1,113.281541,23.132865
252,3,524,0,295768190,5153,footway, , ,B,0,0,F,F,1,113.281549,23.129996
253,2,525,0,307860237,5122,residential,麓苑路, ,B,0,0,F,F,1,113.281787,23.143835
254,3,526,0,295768190,5153,footway, , ,B,0,0,F,F,1,113.281556,23.130037
255,3,527,0,295768190,5153,footway, , ,B,0,0,F,F,1,113.281565,23.130088
256,2,528,0,294832089,5153,footway, , ,B,0,0,T,F,1,113.281636,23.132094
257,3,529,0,437105807,5122,residential, , ,B,0,0,F,F,1,113.281033,23.094978
258,3,530,0,295768190,5153,footway, , ,B,0,0,F,F,1,113.281639,23.130709
259,3,531,0,295768190,5153,footway, , ,B,0,0,F,F,1,113.28165,23.130843
260,3,532,0,248663054,5122,residential,淘金街, ,B,0,0,F,F,1,113.281892,23.143128
261,3,534,0,295776968,5153,footway, , ,B,0,0,F,F,1,113.281676,23.129575
262,2,535,0,295768190,5153,footway, , ,B,0,0,F,F,1,113.281707,23.131237
263,3,536,0,295776968,5153,footway, , ,B,0,0,F,F,1,113.281685,23.12973
264,3,538,0,294806431,5153,footway, , ,B,0,0,F,F,1,113.281687,23.129393
265,3,539,0,295776968,5153,footway, , ,B,0,0,F,F,1,113.281712,23.129987
266,3,540,0,437105813,5153,footway, , ,B,0,0,F,F,1,113.281119,23.094683
267,3,541,0,294832088,5153,footway, , ,B,0,0,F,F,1,113.281755,23.132095
268,2,542,0,295768191,5153,footway, , ,B,0,0,T,F,1,113.281755,23.131994
269,3,544,0,437105809,5153,footway, , ,B,0,0,F,F,1,113.281185,23.095419
270,2,546,0,294832088,5153,footway, , ,B,0,0,F,F,1,113.281857,23.132095
271,3,548,0,294842690,5153,footway, , ,B,0,0,F,F,1,113.281894,23.133036
272,3,549,0,248663054,5122,residential,淘金街, ,B,0,0,F,F,1,113.282059,23.141993
273,3,550,0,295776970,5153,footway, , ,B,0,0,F,F,1,113.281874,23.129563
274,2,551,0,294832090,5153,footway, , ,B,0,0,T,F,1,113.281991,23.132095
275,3,552,0,437105808,5122,residential, , ,B,0,0,F,F,1,113.281353,23.09404
276,3,553,0,294806431,5153,footway, , ,B,0,0,F,F,1,113.282011,23.129503
277,3,554,0,438553345,5122,residential, , ,B,0,0,F,F,1,113.281428,23.093634
278,3,555,0,437105808,5122,residential, , ,B,0,0,F,F,1,113.28147,23.094333
279,4,556,0,294832091,5153,footway, , ,B,0,0,F,F,1,113.282127,23.132096
280,2,557,0,294806432,5153,footway, , ,B,0,0,F,F,1,113.282213,23.131674
281,4,560,0,300218846,5115,tertiary,淘金北路, ,F,0,0,F,F,1,113.282517,23.146
282,2,561,0,107392221,5115,tertiary,淘金北路, ,F,0,0,F,F,1,113.28249,23.144175
283,3,562,0,300218846,5115,tertiary,淘金北路, ,F,0,0,F,F,1,113.282524,23.145232
284,2,563,0,300218845,5115,tertiary,淘金北路, ,F,0,0,F,T,1,113.282517,23.144311
285,2,564,0,440619832,5115,tertiary,淘金北路, ,B,0,0,F,F,1,113.282512,23.143669
286,3,565,0,294806432,5153,footway, , ,B,0,0,F,F,1,113.282301,23.131134
287,3,566,0,300218846,5115,tertiary,淘金北路, ,F,0,0,F,F,1,113.282532,23.144414
288,3,568,0,437105810,5153,footway, , ,B,0,0,F,F,1,113.281727,23.094301
289,3,569,0,294806432,5153,footway, , ,B,0,0,F,F,1,113.282366,23.131374
290,3,570,0,438553345,5122,residential, , ,B,0,0,F,F,1,113.281735,23.093694
291,3,571,0,307860238,5155,steps, , ,B,0,0,F,F,1,113.282676,23.143241
292,4,574,0,294832091,5153,footway, , ,B,0,0,F,F,1,113.282605,23.132091
293,2,576,0,247979169,5122,residential,淘金路, ,B,0,0,F,F,1,113.282815,23.142438
294,3,577,0,437105812,5153,footway, , ,B,0,0,F,F,1,113.282114,23.095131
295,3,578,0,438553345,5122,residential, , ,B,0,0,F,F,1,113.282136,23.093779
296,3,579,0,294686213,5141,service, , ,B,0,0,F,F,1,113.282902,23.128967
297,3,580,0,295824006,5153,footway, , ,B,0,0,F,F,1,113.28301,23.132859
298,3,581,0,310767995,5141,service, , ,B,0,0,F,F,1,113.283247,23.1419
299,3,582,0,107392228,5122,residential,正平北街, ,T,0,0,F,F,1,113.283325,23.146006
300,4,583,0,107392234,5122,residential,Zhengmian 1 Xiang, ,B,0,0,F,F,1,113.283335,23.14521
301,3,584,0,107392225,5122,residential,正平南街, ,B,0,0,F,F,1,113.28333,23.14444
302,3,585,0,295824007,5153,footway, , ,B,0,0,F,F,1,113.283124,23.13209
303,3,588,0,294686213,5141,service, , ,B,0,0,F,F,1,113.283135,23.129764
304,2,589,0,438553345,5122,residential, , ,B,0,0,F,F,1,113.282541,23.093887
305,3,591,0,434838403,5122,residential, , ,B,0,0,F,F,1,113.282573,23.091864
306,3,592,0,294686213,5141,service, , ,B,0,0,F,F,1,113.283421,23.129959
307,3,595,0,437105810,5153,footway, , ,B,0,0,F,F,1,113.282921,23.094688
308,2,598,0,347626230,5122,residential, , ,B,0,0,F,F,1,113.283131,23.103814
309,3,599,0,434838405,5122,residential, , ,B,0,0,F,F,1,113.282975,23.091987
310,2,600,0,347626229,5122,residential, , ,B,0,0,F,F,1,113.283187,23.102506
311,3,602,0,301319403,5122,residential, , ,B,0,0,F,F,1,113.283851,23.140304
312,3,603,0,107392225,5122,residential,正平南街, ,B,0,0,F,F,1,113.283991,23.14447
313,3,604,0,294686214,5153,footway, , ,B,0,0,F,F,1,113.283775,23.131007
314,4,605,0,107392231,5122,residential,正平中街, ,B,0,0,F,F,1,113.284024,23.145229
315,3,606,0,107392228,5122,residential,正平北街, ,T,0,0,F,F,1,113.284058,23.146015
316,3,607,0,294686219,5153,footway, , ,B,0,0,F,F,1,113.283771,23.128781
317,3,608,0,295995595,5153,footway, , ,B,0,0,F,F,1,113.283968,23.131421
318,3,609,0,247979169,5122,residential,淘金路, ,B,0,0,F,F,1,113.284173,23.14321
319,3,611,0,294686221,5153,footway, , ,B,0,0,F,F,1,113.284165,23.129517
320,3,612,0,301319403,5122,residential, , ,B,0,0,F,F,1,113.284358,23.138834
321,3,614,0,301319403,5122,residential, , ,B,0,0,F,F,1,113.284402,23.139875
322,3,615,0,186110104,5122,residential, , ,B,0,0,F,F,1,113.283766,23.101892
323,3,616,0,437105809,5153,footway, , ,B,0,0,F,F,1,113.28365,23.094846
324,3,617,0,437097208,5153,footway, , ,B,0,0,F,F,1,113.283768,23.094519
325,3,618,0,294686219,5153,footway, , ,B,0,0,F,F,1,113.284387,23.130086
326,3,620,0,295995594,5153,footway, , ,B,0,0,F,F,1,113.284505,23.132614
327,3,621,0,301319560,5122,residential,爱国路, ,B,0,0,F,F,1,113.28466,23.140141
328,4,622,0,294686219,5153,footway, , ,B,0,0,F,F,1,113.284496,23.129436
329,3,625,0,294686213,5141,service, , ,B,0,0,F,F,1,113.284735,23.130277
330,3,627,0,107392217,5122,residential,正平北街, ,B,0,0,F,F,1,113.28511,23.146071
331,3,628,0,294686213,5141,service, , ,B,0,0,F,F,1,113.284859,23.130759
332,3,630,0,107392231,5122,residential,正平中街, ,B,0,0,F,F,1,113.28515,23.145283
333,3,631,0,107392225,5122,residential,正平南街, ,B,0,0,F,F,1,113.28516,23.144601
334,4,632,0,210939515,5122,residential, , ,B,0,0,F,F,1,113.285096,23.13702
335,3,633,0,294686213,5141,service, , ,B,0,0,F,F,1,113.285037,23.131372
336,3,636,0,301319402,5122,residential,光明路, ,B,0,0,F,F,1,113.285302,23.138839
337,2,638,0,210939516,5122,residential, , ,B,0,0,F,F,1,113.285394,23.137173
338,3,639,0,295993590,5141,service, , ,B,0,0,F,F,1,113.285274,23.128907
339,3,640,0,247979169,5122,residential,淘金路, ,B,0,0,F,F,1,113.285524,23.143412
340,3,641,0,301319405,5122,residential, , ,B,0,0,F,F,1,113.285545,23.142182
341,3,642,0,294686213,5141,service, , ,B,0,0,F,F,1,113.285419,23.132388
342,3,643,0,294686213,5141,service, , ,B,0,0,F,F,1,113.285446,23.132477
343,3,645,0,295993590,5141,service, , ,B,0,0,F,F,1,113.285406,23.129213
344,3,647,0,295993590,5141,service, , ,B,0,0,F,F,1,113.28555,23.129618
345,3,648,0,301319420,5122,residential,友爱路, ,B,0,0,F,F,1,113.285772,23.141813
346,3,652,0,295993590,5141,service, , ,B,0,0,F,F,1,113.285657,23.13002
347,3,653,0,295993590,5141,service, , ,B,0,0,F,F,1,113.28567,23.130068
348,3,654,0,294686217,5141,service, , ,B,0,0,F,F,1,113.285754,23.131198
349,3,655,0,294686217,5141,service, , ,B,0,0,F,F,1,113.285953,23.13238
350,3,656,0,301319413,5122,residential,原道路, ,B,0,0,F,F,1,113.286171,23.141574
351,3,657,0,247979169,5122,residential,淘金路, ,B,0,0,F,F,1,113.286344,23.143863
352,3,658,0,188238932,5122,residential,青龙坊, ,B,0,0,F,F,1,113.286282,23.136467
353,3,659,0,296154564,5122,residential,马棚岗, ,B,0,0,F,F,1,113.286225,23.128497
354,3,661,0,301319560,5122,residential,爱国路, ,B,0,0,F,F,1,113.286491,23.141263
355,3,662,0,297203158,5153,footway, , ,B,0,0,F,F,1,113.286278,23.128586
356,2,663,0,320993100,5122,residential, , ,B,0,0,F,F,1,113.286491,23.136774
357,3,664,0,188238925,5122,residential,执信南路, ,B,0,0,F,F,1,113.286443,23.132372
358,3,665,0,296606967,5153,footway, , ,B,0,0,F,F,1,113.286419,23.129331
359,3,666,0,188238925,5122,residential,执信南路, ,B,0,0,F,F,1,113.286482,23.131847
360,4,669,0,298303644,5153,footway, , ,B,0,0,F,F,1,113.286676,23.12982
361,3,670,0,301319417,5122,residential,友爱路, ,B,0,0,F,F,1,113.287053,23.142471
362,3,671,0,301319415,5122,residential,原道路, ,B,0,0,F,F,1,113.287071,23.140294
363,3,672,0,304169825,5122,residential,淘金东路, ,B,0,0,F,F,1,113.287251,23.144892
364,3,673,0,296605101,5141,service, , ,B,0,0,F,F,1,113.287085,23.130374
365,2,674,0,296619393,5122,residential, , ,B,0,0,F,F,1,113.287106,23.129339
366,3,676,0,301319402,5122,residential,光明路, ,B,0,0,F,F,1,113.287586,23.138831
367,3,679,0,188238925,5122,residential,执信南路, ,B,0,0,F,F,1,113.287721,23.129902
368,3,680,0,188238925,5122,residential,执信南路, ,B,0,0,F,F,1,113.287693,23.127696
369,3,681,0,188238925,5122,residential,执信南路, ,B,0,0,F,F,1,113.287904,23.128074
370,3,684,0,194686979,5122,residential,竹丝岗二马路, ,T,0,0,F,F,1,113.288032,23.129997
371,3,687,0,194686990,5122,residential,竹丝岗大马路, ,B,0,0,F,F,1,113.288429,23.130646
372,3,688,0,304169826,5122,residential,淘金东路, ,B,0,0,F,F,1,113.288858,23.145223
373,2,690,0,192148703,5122,residential, , ,B,0,0,F,F,1,113.289224,23.146847
374,2,694,0,331373169,5115,tertiary,署前路, ,B,0,0,F,F,1,113.28944,23.124709
375,3,700,0,304169826,5122,residential,淘金东路, ,B,0,0,F,F,1,113.290435,23.14629
376,3,702,0,107392226,5122,residential,太和岗路, ,B,0,0,F,F,1,113.290852,23.144533
377,3,703,0,34323902,5121,unclassified, , ,B,0,0,F,F,1,113.291276,23.162863
378,3,704,0,194686979,5122,residential,竹丝岗二马路, ,T,0,0,F,F,1,113.290867,23.131226
379,3,705,0,194686979,5122,residential,竹丝岗二马路, ,T,0,0,F,F,1,113.290987,23.132326
380,3,709,0,34323902,5121,unclassified, , ,B,0,0,F,F,1,113.29201,23.163315
381,3,712,0,34323901,5153,footway, , ,B,0,0,F,F,1,113.292359,23.171338
382,3,716,0,312169433,5122,residential,培正路, ,F,0,0,F,F,1,113.291751,23.121108
383,3,717,0,312169433,5122,residential,培正路, ,F,0,0,F,F,1,113.291816,23.121948
384,3,721,0,303346641,5154,path, , ,B,0,0,F,F,1,113.293226,23.196514
385,3,723,0,312169433,5122,residential,培正路, ,F,0,0,F,F,1,113.292004,23.122453
386,2,726,0,304619801,5153,footway, , ,B,0,0,F,F,1,113.293227,23.189045
387,3,728,0,304528437,5154,path, , ,B,0,0,F,F,1,113.29356,23.196175
388,3,730,0,191140798,5153,footway, , ,B,0,0,F,F,1,113.293489,23.186737
389,3,731,0,191140793,5153,footway, , ,B,0,0,F,F,1,113.293501,23.187459
390,3,733,0,341219950,5122,residential, , ,B,0,0,F,F,1,113.292414,23.12096
391,3,734,0,427326946,5141,service, , ,B,0,0,F,F,1,113.292636,23.121711
392,3,735,0,389496222,5122,residential,农林上路二横路, ,B,0,0,F,F,1,113.292861,23.128564
393,3,736,0,389512489,5122,residential, , ,B,0,0,F,F,1,113.292927,23.129026
394,3,737,0,389512489,5122,residential, , ,B,0,0,F,F,1,113.29297,23.129519
395,3,738,0,389512489,5122,residential, , ,B,0,0,F,F,1,113.293083,23.12987
396,2,743,0,34323888,5153,footway, , ,B,0,0,F,F,1,113.294818,23.17857
397,2,748,0,191140791,5153,footway, , ,B,0,0,F,F,1,113.295914,23.186353
398,3,749,0,191140794,5153,footway, , ,B,0,0,F,F,1,113.295965,23.1825
399,3,751,0,191140794,5153,footway, , ,B,0,0,F,F,1,113.296174,23.181778
400,3,753,0,191140805,5153,footway, , ,B,0,0,F,F,1,113.296297,23.18364
401,3,754,0,341219953,5122,residential, , ,B,0,0,F,F,1,113.295227,23.120873
402,3,755,0,191140791,5153,footway, , ,B,0,0,F,F,1,113.296367,23.183514
403,3,756,0,427329535,5122,residential, , ,B,0,0,F,F,1,113.296436,23.159363
404,4,757,0,191140794,5153,footway, , ,B,0,0,F,F,1,113.296849,23.183192
405,2,763,0,191140802,5155,steps, , ,B,0,0,F,F,1,113.297654,23.187241
406,3,765,0,184827134,5122,residential,达道路, ,B,0,0,F,F,1,113.296623,23.120029
407,3,766,0,184827134,5122,residential,达道路, ,B,0,0,F,F,1,113.29667,23.1208
408,3,767,0,191140804,5153,footway, , ,B,0,0,F,F,1,113.29789,23.187529
409,2,769,0,184827128,5122,residential, , ,B,0,0,F,F,1,113.296978,23.12001
410,3,776,0,421215727,5115,tertiary, , ,B,0,0,F,F,1,113.298785,23.116369
411,2,777,0,199895631,5122,residential, , ,B,0,0,F,F,1,113.29883,23.117308
412,4,778,0,184827151,5141,service, , ,B,0,0,F,F,1,113.298848,23.117904
413,3,783,0,184827151,5141,service, , ,B,0,0,F,F,1,113.299657,23.118849
414,2,794,0,421235520,5122,residential, , ,B,0,0,F,F,1,113.302866,23.126222
415,3,795,0,184827139,5122,residential,寺右一马路, ,F,0,0,F,F,1,113.303005,23.124118
416,3,797,0,85466211,5153,footway, , ,B,0,0,F,F,1,113.304342,23.189349
417,2,799,0,421235520,5122,residential, , ,B,0,0,F,F,1,113.303287,23.12625
418,3,800,0,85466211,5153,footway, , ,B,0,0,F,F,1,113.304547,23.189448
419,2,801,0,184827979,5122,residential, , ,B,0,0,T,F,1,113.303499,23.126264
420,3,802,0,421235519,5122,residential, , ,B,0,0,F,F,1,113.303603,23.126272
421,4,806,0,428012656,5141,service, , ,B,0,0,F,F,1,113.303816,23.121861
422,3,808,0,184827139,5122,residential,寺右一马路, ,F,0,0,F,F,1,113.304008,23.12442
423,3,809,0,316797591,5153,footway, , ,B,0,0,F,F,1,113.304407,23.146874
424,4,814,0,184827139,5122,residential,寺右一马路, ,F,0,0,F,F,1,113.304577,23.124436
425,2,815,0,427556764,5122,residential,寺右二马路, ,B,0,0,F,F,1,113.304601,23.122359
426,3,816,0,427556764,5122,residential,寺右二马路, ,B,0,0,F,F,1,113.304658,23.121288
427,3,818,0,188248177,5122,residential, , ,B,0,0,F,F,1,113.305076,23.124449
428,2,819,0,428012649,5122,residential, , ,B,0,0,F,F,1,113.3051,23.123363
429,3,823,0,188248177,5122,residential, , ,B,0,0,F,F,1,113.305802,23.124472
430,3,824,0,428012649,5122,residential, , ,B,0,0,F,F,1,113.305827,23.123365
431,3,828,0,428012649,5122,residential, , ,B,0,0,F,F,1,113.306129,23.123367
432,3,831,0,427564714,5122,residential, , ,B,0,0,F,F,1,113.306806,23.123551
433,2,834,0,85466252,5122,residential, , ,B,0,0,F,F,1,113.307879,23.183874
434,3,835,0,186311159,5122,residential, , ,B,0,0,F,F,1,113.30709,23.137679
435,3,838,0,188248177,5122,residential, , ,B,0,0,F,F,1,113.307148,23.124518
436,2,839,0,428012635,5153,footway, , ,B,0,0,F,F,1,113.307151,23.124421
437,2,840,0,428012632,5153,footway, , ,B,0,0,F,F,1,113.307183,23.123626
438,3,841,0,427564714,5122,residential, , ,B,0,0,F,F,1,113.307185,23.123565
439,3,843,0,427774912,5122,residential, , ,B,0,0,F,F,1,113.307325,23.126825
440,3,845,0,427774913,5122,residential, , ,B,0,0,F,F,1,113.307538,23.126223
441,3,846,0,324407181,5122,residential, , ,B,0,0,F,F,1,113.307236,23.0937
442,3,847,0,427774900,5122,residential,东兴北路, ,B,0,0,F,F,1,113.307896,23.126817
443,3,848,0,427774913,5122,residential, , ,B,0,0,F,F,1,113.307899,23.126218
444,4,850,0,188248177,5122,residential, , ,B,0,0,F,F,1,113.307908,23.124549
445,2,853,0,421238582,5122,residential, , ,B,0,0,T,F,1,113.308174,23.133838
446,3,856,0,427564714,5122,residential, , ,B,0,0,F,F,1,113.308271,23.12342
447,3,857,0,421238583,5122,residential, , ,B,0,0,F,F,1,113.30849,23.134014
448,2,859,0,421239333,5122,residential, , ,B,0,0,T,F,1,113.309062,23.133821
449,4,861,0,335308472,5121,unclassified, , ,B,0,0,F,F,1,113.311793,23.288467
450,2,862,0,335308496,5121,unclassified, , ,B,0,0,F,F,1,113.311878,23.289455
451,2,863,0,421239333,5122,residential, , ,B,0,0,T,F,1,113.309204,23.133745
452,2,864,0,335308501,5121,unclassified, , ,B,0,0,T,F,1,113.311896,23.289706
453,2,869,0,322620773,5122,residential,广利路, ,B,0,0,F,F,1,113.310403,23.132933
454,3,878,0,335308461,5122,residential, , ,B,0,0,F,F,1,113.314522,23.287503
455,3,880,0,335308455,5121,unclassified, , ,B,0,0,F,F,1,113.314748,23.285575
456,3,882,0,335308455,5121,unclassified, , ,B,0,0,F,F,1,113.314943,23.286804
457,3,883,0,335308455,5121,unclassified, , ,B,0,0,F,F,1,113.314959,23.2869
458,4,884,0,335308455,5121,unclassified, , ,B,0,0,F,F,1,113.315029,23.287346
459,3,887,0,210948463,5122,residential, , ,B,0,0,F,F,1,113.311966,23.0931
460,3,888,0,335308472,5121,unclassified, , ,B,0,0,F,F,1,113.315885,23.289921
461,3,890,0,322629017,5122,residential, , ,B,0,0,F,F,1,113.313274,23.132661
462,3,896,0,335308468,5122,residential, , ,B,0,0,F,F,1,113.317267,23.286662
463,3,899,0,322620775,5122,residential, , ,B,0,0,F,F,1,113.315142,23.135151
464,3,900,0,335308455,5121,unclassified, , ,B,0,0,F,F,1,113.317725,23.28459
465,3,903,0,322620773,5122,residential,广利路, ,B,0,0,F,F,1,113.315323,23.133036
466,3,904,0,322628961,5122,residential,天河街, ,B,0,0,F,F,1,113.315366,23.134085
467,3,905,0,322628961,5122,residential,天河街, ,B,0,0,F,F,1,113.31547,23.135139
468,2,906,0,335308487,5122,residential, , ,B,0,0,F,F,1,113.318363,23.286312
469,3,912,0,102592292,5122,residential,新市头路, ,B,0,0,F,F,1,113.315993,23.103075
470,3,913,0,305160772,5122,residential,怡新路, ,B,0,0,F,F,1,113.317432,23.178243
471,4,916,0,442548741,5122,residential, , ,B,0,0,F,F,1,113.316426,23.094221
472,3,920,0,305160764,5122,residential, , ,B,0,0,F,F,1,113.318496,23.178199
473,3,924,0,109509748,5122,residential, , ,B,0,0,F,F,1,113.317438,23.093112
474,3,928,0,109509748,5122,residential, , ,B,0,0,F,F,1,113.317636,23.09393
475,3,929,0,305160772,5122,residential,怡新路, ,B,0,0,F,F,1,113.319337,23.178215
476,3,931,0,102592286,5122,residential,艺苑路, ,B,0,0,F,F,1,113.31824,23.100312
477,3,932,0,305160762,5122,residential, , ,B,0,0,F,F,1,113.319625,23.179543
478,2,933,0,109509759,5122,residential, , ,B,0,0,F,F,1,113.318128,23.09121
479,3,937,0,440881469,5121,unclassified,体育西横街, ,B,0,0,F,F,1,113.318944,23.131459
480,3,938,0,359990754,5153,footway, , ,B,0,0,F,F,1,113.318963,23.131922
481,3,940,0,405114834,5153,footway, , ,B,0,0,F,F,1,113.318474,23.100964
482,4,942,0,302256856,5122,residential, , ,B,30,0,F,F,1,113.318482,23.100305
483,3,944,0,359959640,5153,footway, , ,B,0,0,F,F,1,113.319042,23.131427
484,2,945,0,299795191,5124,pedestrian, , ,B,0,0,T,F,1,113.3188,23.115627
485,3,946,0,359959640,5153,footway, , ,B,0,0,F,F,1,113.319085,23.131065
486,4,949,0,184738718,5124,pedestrian, , ,B,0,0,F,F,1,113.318922,23.115623
487,3,950,0,405114835,5153,footway, , ,B,0,0,F,F,1,113.318705,23.101058
488,4,952,0,184738718,5124,pedestrian, , ,B,0,0,F,F,1,113.319086,23.115299
489,3,954,0,109509751,5122,residential, , ,B,0,0,F,F,1,113.318763,23.092868
490,4,955,0,184738715,5124,pedestrian, , ,B,0,0,F,F,1,113.319261,23.115611
491,3,956,0,440881469,5121,unclassified,体育西横街, ,B,0,0,F,F,1,113.319542,23.13136
492,2,958,0,102592286,5122,residential,艺苑路, ,B,0,0,F,F,1,113.319155,23.103392
493,3,960,0,109509749,5122,residential, , ,B,0,0,F,F,1,113.319038,23.093582
494,3,962,0,347808385,5153,footway, , ,B,0,0,F,F,1,113.319323,23.103786
495,3,964,0,109509759,5122,residential, , ,B,0,0,F,F,1,113.319161,23.092779
496,3,965,0,360088306,5153,footway, , ,B,0,0,F,F,1,113.319901,23.131896
497,2,966,0,360088305,5153,footway, , ,B,0,0,F,F,1,113.320001,23.131966
498,3,967,0,405114833,5154,path, , ,B,0,0,F,F,1,113.31953,23.101054
499,3,968,0,102591490,5122,residential, , ,B,0,0,F,F,1,113.319622,23.10376
500,3,971,0,302256856,5122,residential, , ,B,30,0,F,F,1,113.319611,23.101212
501,3,977,0,109509759,5122,residential, , ,B,0,0,F,F,1,113.319772,23.093678
502,3,984,0,309588221,5153,footway, , ,B,0,0,F,F,1,113.321349,23.114578
503,4,985,0,184738717,5141,service, , ,B,0,0,T,F,1,113.321447,23.115466
504,3,988,0,309588221,5153,footway, , ,B,0,0,F,F,1,113.321492,23.114069
505,3,990,0,446634589,5122,residential,赤岗北路, ,B,0,0,F,F,1,113.321934,23.103555
506,3,991,0,446634589,5122,residential,赤岗北路, ,B,0,0,F,F,1,113.321962,23.10115
507,4,992,0,102831290,5122,residential, , ,B,0,0,F,F,1,113.321974,23.100149
508,3,1000,0,413894092,5122,residential, , ,B,0,0,F,F,1,113.323419,23.096119
509,3,1001,0,109509756,5122,residential, , ,B,0,0,F,F,1,113.323416,23.094839
510,2,1003,0,309367384,5153,footway, , ,B,0,0,T,F,1,113.324366,23.115186
511,4,1004,0,442772726,5122,residential,燕都路, ,B,0,0,F,F,1,113.325458,23.162123
512,3,1006,0,109509761,5122,residential, , ,B,0,0,F,F,1,113.324337,23.096215
513,3,1007,0,413894088,5122,residential,赤岗东路, ,B,0,0,F,F,1,113.324335,23.096105
514,3,1008,0,413894088,5122,residential,赤岗东路, ,B,0,0,F,F,1,113.32433,23.095467
515,3,1009,0,109509756,5122,residential, , ,B,0,0,F,F,1,113.324325,23.094835
516,3,1010,0,413894088,5122,residential,赤岗东路, ,B,0,0,F,F,1,113.324338,23.093134
517,3,1015,0,303332049,5122,residential, , ,B,0,0,F,F,1,113.325957,23.163281
518,3,1016,0,413894090,5122,residential, , ,B,0,0,F,F,1,113.32496,23.095457
519,3,1018,0,379527515,5154,path, , ,B,0,0,F,F,1,113.326193,23.162968
520,2,1028,0,302857660,5153,footway, , ,B,0,0,F,F,1,113.328518,23.144247
521,2,1029,0,295047819,5153,footway, , ,B,0,0,F,F,1,113.328759,23.144246
522,3,1030,0,295047819,5153,footway, , ,B,0,0,F,F,1,113.32926,23.141066
523,3,1032,0,302857660,5153,footway, , ,B,0,0,F,F,1,113.329433,23.138662
524,3,1033,0,295047819,5153,footway, , ,B,0,0,F,F,1,113.329636,23.138987
525,3,1034,0,302857656,5122,residential, , ,B,0,0,F,F,1,113.329692,23.139003
526,4,1035,0,302857658,5122,residential, , ,B,0,0,F,F,1,113.329692,23.138698
527,3,1036,0,302857659,5122,residential, , ,B,0,0,F,F,1,113.329811,23.14113
528,3,1041,0,302857656,5122,residential, , ,B,0,0,F,F,1,113.330249,23.139161
529,3,1044,0,302857656,5122,residential, , ,B,0,0,F,F,1,113.330344,23.139188
530,3,1045,0,302857658,5122,residential, , ,B,0,0,F,F,1,113.330346,23.138894
531,3,1046,0,302857656,5122,residential, , ,B,0,0,F,F,1,113.330404,23.139208
532,3,1056,0,302857662,5122,residential, , ,B,0,0,F,F,1,113.331362,23.139643
533,3,1058,0,302857649,5122,residential, , ,B,0,0,F,F,1,113.331455,23.143228
534,2,1063,0,302857652,5122,residential, , ,B,0,0,F,F,1,113.331719,23.142488
535,3,1065,0,302857662,5122,residential, , ,B,0,0,F,F,1,113.33171,23.13964
536,3,1066,0,303475996,5153,footway, , ,B,0,0,F,F,1,113.33185,23.139068
537,2,1067,0,302857650,5122,residential, , ,B,0,0,F,F,1,113.331903,23.141891
538,3,1068,0,302857650,5122,residential, , ,B,0,0,F,F,1,113.331954,23.14179
539,3,1069,0,188255509,5122,residential, , ,B,0,0,F,F,1,113.332273,23.15374
540,3,1071,0,303475994,5122,residential, , ,B,0,0,F,F,1,113.332072,23.138338
541,3,1073,0,188255509,5122,residential, , ,B,0,0,F,F,1,113.332454,23.152185
542,3,1075,0,303475993,5122,residential, , ,B,0,0,F,F,1,113.332358,23.137592
543,3,1076,0,303719966,5122,residential, , ,B,0,0,F,F,1,113.332417,23.139184
544,2,1077,0,303475997,5122,residential, , ,B,0,0,F,F,1,113.332482,23.138849
545,3,1082,0,309949814,5122,residential, , ,B,0,0,F,F,1,113.33285,23.141683
546,3,1085,0,188255490,5122,residential, , ,B,0,0,F,F,1,113.333183,23.151971
547,4,1086,0,188246621,5122,residential, , ,B,0,0,F,F,1,113.332784,23.12714
548,2,1089,0,309949814,5122,residential, , ,B,0,0,F,F,1,113.33328,23.141633
549,2,1093,0,309949812,5122,residential, , ,B,0,0,F,F,1,113.333444,23.141888
550,2,1096,0,302857630,5122,residential, , ,B,0,0,F,F,1,113.333551,23.142904
551,2,1097,0,302857628,5155,steps, , ,B,0,0,F,F,1,113.333573,23.143013
552,3,1098,0,188255510,5122,residential, , ,B,0,0,F,F,1,113.333772,23.154379
553,3,1099,0,302857632,5122,residential, , ,B,0,0,F,F,1,113.333628,23.143359
554,3,1102,0,331708772,5122,residential,北湖南路, ,B,40,0,F,F,1,113.334167,23.168801
555,3,1104,0,399255844,5122,residential, , ,B,0,0,F,F,1,113.333085,23.102515
556,2,1105,0,309949812,5122,residential, , ,B,0,0,F,F,1,113.33383,23.141867
557,2,1107,0,302857664,5122,residential, , ,B,0,0,F,F,1,113.333858,23.141685
558,2,1110,0,302857664,5122,residential, , ,B,0,0,F,F,1,113.334437,23.141638
559,3,1112,0,409365425,5141,service, , ,B,0,0,F,F,1,113.335155,23.15516
560,2,1115,0,354147346,5122,residential, , ,B,0,0,F,F,1,113.335919,23.164152
561,3,1116,0,354147346,5122,residential, , ,B,0,0,F,F,1,113.335947,23.164388
562,3,1118,0,188255496,5122,residential, , ,B,0,0,F,F,1,113.336059,23.1545
563,3,1119,0,331714921,5122,residential,岷江路, ,B,0,0,F,F,1,113.336316,23.168966
564,3,1120,0,188246610,5122,residential, , ,B,0,0,F,F,1,113.335719,23.126908
565,3,1122,0,188255490,5122,residential, , ,B,0,0,F,F,1,113.33633,23.150795
566,2,1123,0,188255490,5122,residential, , ,B,0,0,F,F,1,113.336337,23.151011
567,4,1124,0,354147360,5122,residential, , ,B,0,0,F,F,1,113.336671,23.165887
568,4,1125,0,354147364,5122,residential, , ,B,0,0,F,F,1,113.336695,23.165006
569,3,1126,0,354147346,5122,residential, , ,B,0,0,F,F,1,113.336738,23.164513
570,3,1127,0,331708180,5122,residential,北湖北路, ,B,0,0,F,F,1,113.337021,23.168711
571,3,1128,0,354147344,5122,residential, , ,B,0,0,F,F,1,113.337194,23.167021
572,3,1131,0,354147344,5122,residential, , ,B,0,0,F,F,1,113.337309,23.167061
573,3,1132,0,354147346,5122,residential, , ,B,0,0,F,F,1,113.337365,23.164809
574,3,1134,0,331708180,5122,residential,北湖北路, ,B,0,0,F,F,1,113.337541,23.168875
575,3,1135,0,331708123,5122,residential, , ,B,40,0,F,F,1,113.337541,23.167001
576,3,1136,0,188255496,5122,residential, , ,B,0,0,F,F,1,113.337446,23.156441
577,3,1137,0,365982011,5122,residential, , ,B,0,0,F,F,1,113.337435,23.155306
578,3,1138,0,399255850,5122,residential, , ,B,0,0,F,F,1,113.336615,23.102656
579,3,1140,0,331708180,5122,residential,北湖北路, ,B,0,0,F,F,1,113.338009,23.170557
580,2,1141,0,316797584,5122,residential, , ,B,0,0,F,F,1,113.337872,23.155935
581,3,1142,0,331708123,5122,residential, , ,B,40,0,F,F,1,113.338153,23.166406
582,3,1143,0,354147349,5122,residential, , ,B,0,0,F,F,1,113.338153,23.164979
583,3,1145,0,365982010,5122,residential, , ,B,0,0,F,F,1,113.338083,23.15571
584,3,1151,0,331708618,5122,residential,能源路, ,B,0,0,F,F,1,113.340109,23.169114
585,3,1152,0,331708618,5122,residential,能源路, ,B,0,0,F,F,1,113.340185,23.167756
586,3,1158,0,328122391,5122,residential, , ,B,0,0,F,F,1,113.341391,23.140927
587,4,1159,0,328122407,5122,residential,玉兰路, ,B,0,0,F,F,1,113.341455,23.142703
588,3,1161,0,328122386,5122,residential, , ,B,0,0,F,F,1,113.341455,23.142162
589,3,1162,0,328122391,5122,residential, , ,B,0,0,F,F,1,113.341455,23.141551
590,3,1163,0,328122398,5122,residential, , ,B,0,0,F,F,1,113.341519,23.144707
591,3,1164,0,394568317,5121,unclassified, , ,B,0,0,F,F,1,113.341487,23.132816
592,3,1165,0,394568317,5121,unclassified, , ,B,0,0,F,F,1,113.341469,23.130873
593,3,1166,0,328122391,5122,residential, , ,B,0,0,F,F,1,113.341752,23.140159
594,2,1168,0,328122391,5122,residential, , ,B,0,0,F,F,1,113.341948,23.140146
595,3,1169,0,328122386,5122,residential, , ,B,0,0,F,F,1,113.342139,23.141564
596,3,1170,0,328122402,5122,residential, , ,B,0,0,F,F,1,113.342234,23.144599
597,3,1172,0,328122419,5122,residential, , ,B,0,0,F,F,1,113.342224,23.141237
598,3,1173,0,328122407,5122,residential,玉兰路, ,B,0,0,F,F,1,113.342294,23.142708
599,3,1174,0,328122443,5122,residential, , ,B,0,0,F,F,1,113.342298,23.142168
600,3,1175,0,328122419,5122,residential, , ,B,0,0,F,F,1,113.342309,23.141414
601,3,1176,0,255645804,5121,unclassified, , ,B,0,0,F,F,1,113.342265,23.129687
602,3,1178,0,328122419,5122,residential, , ,B,0,0,F,F,1,113.342521,23.141499
603,4,1179,0,328122421,5153,footway, , ,B,0,0,F,F,1,113.342521,23.141234
604,3,1180,0,328122419,5122,residential, , ,B,0,0,F,F,1,113.342521,23.14095
605,3,1184,0,328122421,5153,footway, , ,B,0,0,F,F,1,113.342817,23.141231
606,3,1185,0,328122407,5122,residential,玉兰路, ,B,0,0,F,F,1,113.342893,23.142715
607,3,1186,0,328122443,5122,residential, , ,B,0,0,F,F,1,113.342917,23.142166
608,2,1187,0,328122393,5122,residential, , ,B,0,0,F,F,1,113.342973,23.140145
609,4,1188,0,394568318,5121,unclassified, , ,B,0,0,F,F,1,113.343003,23.132819
610,3,1189,0,328122386,5122,residential, , ,B,0,0,F,F,1,113.343204,23.141583
611,3,1190,0,328122443,5122,residential, , ,B,0,0,F,F,1,113.343215,23.142165
612,4,1191,0,394568320,5121,unclassified, , ,B,0,0,F,F,1,113.343049,23.130902
613,3,1192,0,328122407,5122,residential,玉兰路, ,B,0,0,F,F,1,113.344033,23.142733
614,3,1193,0,394568318,5121,unclassified, , ,B,0,0,F,F,1,113.344095,23.13282
615,3,1194,0,394568319,5121,unclassified, , ,B,0,0,F,F,1,113.34412,23.13366
616,3,1195,0,328122386,5122,residential, , ,B,0,0,F,F,1,113.344259,23.141602
617,3,1199,0,328122407,5122,residential,玉兰路, ,B,0,0,F,F,1,113.344355,23.142739
618,3,1200,0,394568320,5121,unclassified, , ,B,0,0,F,F,1,113.344184,23.130923
619,3,1201,0,328122443,5122,residential, , ,B,0,0,F,F,1,113.344385,23.142156
620,3,1202,0,328122439,5122,residential, , ,B,0,0,F,F,1,113.344386,23.142126
621,3,1204,0,328122383,5122,residential, , ,B,0,0,F,F,1,113.344406,23.141726
622,3,1205,0,328122381,5122,residential, , ,B,0,0,F,F,1,113.344406,23.141457
623,3,1206,0,328122424,5122,residential, , ,B,0,0,F,F,1,113.344439,23.1409
624,4,1207,0,328122395,5122,residential, , ,B,0,0,F,F,1,113.344481,23.140179
625,2,1208,0,328122383,5122,residential, , ,B,0,0,F,F,1,113.344532,23.141659
626,3,1209,0,328122379,5122,residential, , ,B,0,0,F,F,1,113.344496,23.13935
627,3,1210,0,328122383,5122,residential, , ,B,0,0,F,F,1,113.344549,23.141615
628,3,1211,0,329986447,5122,residential, , ,B,0,0,F,F,1,113.345579,23.177631
629,2,1213,0,328122437,5153,footway, , ,B,0,0,F,F,1,113.345218,23.142207
630,3,1214,0,328122447,5153,footway, , ,B,0,0,F,F,1,113.345221,23.142129
631,3,1216,0,328122407,5122,residential,玉兰路, ,B,0,0,F,F,1,113.345491,23.14285
632,3,1217,0,328122435,5153,footway, , ,B,0,0,F,F,1,113.345498,23.142611
633,2,1218,0,328122436,5153,footway, , ,B,0,0,F,F,1,113.345501,23.142522
634,3,1219,0,328122446,5153,footway, , ,B,0,0,F,F,1,113.345561,23.14186
635,4,1220,0,328122412,5122,residential, , ,B,0,0,F,F,1,113.345565,23.141735
636,3,1221,0,365748174,5122,residential,瀚景街, ,B,0,0,F,F,1,113.345795,23.14612
637,2,1222,0,328122437,5153,footway, , ,B,0,0,F,F,1,113.345739,23.141896
638,3,1224,0,328122395,5122,residential, , ,B,0,0,F,F,1,113.345729,23.140239
639,3,1225,0,328122436,5153,footway, , ,B,0,0,F,F,1,113.345906,23.142075
640,3,1226,0,257202721,5121,unclassified,长福路, ,B,0,0,F,F,1,113.346808,23.168348
641,3,1227,0,328122450,5153,footway, , ,B,0,0,F,F,1,113.346362,23.14195
642,2,1228,0,188262502,5122,residential, , ,B,0,0,F,F,1,113.346575,23.151531
643,3,1229,0,328122450,5153,footway, , ,B,0,0,F,F,1,113.346431,23.141991
644,3,1230,0,328122453,5153,footway, , ,B,0,0,F,F,1,113.346447,23.141862
645,4,1231,0,328122412,5122,residential, , ,B,0,0,F,F,1,113.346457,23.141788
646,3,1232,0,188262502,5122,residential, , ,B,0,0,F,F,1,113.346606,23.149119
647,2,1233,0,328122450,5153,footway, , ,B,0,0,F,F,1,113.346496,23.141944
648,3,1234,0,188262502,5122,residential, , ,B,0,0,F,F,1,113.346665,23.150765
649,3,1235,0,427346008,5122,residential, , ,B,0,0,F,F,1,113.34651,23.141185
650,3,1236,0,328122379,5122,residential, , ,B,0,0,F,F,1,113.346575,23.139681
651,4,1237,0,328122395,5122,residential, , ,B,0,0,F,F,1,113.346591,23.14026
652,3,1238,0,328122409,5122,residential, , ,B,0,0,F,F,1,113.346571,23.138354
653,2,1240,0,257202162,5121,unclassified, , ,B,0,0,F,F,1,113.347257,23.173053
654,3,1243,0,436051674,5121,unclassified, , ,B,0,0,F,F,1,113.346587,23.097084
655,3,1245,0,436051674,5121,unclassified, , ,B,0,0,F,F,1,113.346806,23.095281
656,3,1247,0,188244812,5122,residential, , ,B,0,0,F,F,1,113.347945,23.152598
657,3,1249,0,328122412,5122,residential, , ,B,0,0,F,F,1,113.347817,23.141904
658,4,1250,0,328122407,5122,residential,玉兰路, ,B,0,0,F,F,1,113.347851,23.14293
659,2,1251,0,328122433,5122,residential, , ,B,0,0,F,F,1,113.34784,23.142268
660,2,1252,0,328122431,5122,residential, , ,B,0,0,T,F,1,113.347847,23.142614
661,3,1253,0,328122412,5122,residential, , ,B,0,0,F,F,1,113.347861,23.141908
662,3,1255,0,427363442,5122,residential,陶园校道, ,B,0,0,F,F,1,113.347929,23.141265
663,4,1257,0,436051675,5122,residential, , ,B,0,0,F,F,1,113.347187,23.093387
664,3,1258,0,328122395,5122,residential, , ,B,0,0,F,F,1,113.348034,23.140269
665,3,1260,0,329986447,5122,residential, , ,B,0,0,F,F,1,113.348941,23.17267
666,4,1261,0,444595969,5122,residential, , ,B,0,0,F,F,1,113.348964,23.173205
667,3,1265,0,400487954,5122,residential, , ,B,0,0,F,F,1,113.348876,23.152495
668,4,1266,0,328122395,5122,residential, , ,B,0,0,F,F,1,113.348717,23.140269
669,3,1269,0,436051675,5122,residential, , ,B,0,0,F,F,1,113.348077,23.097081
670,3,1270,0,328122413,5122,residential, , ,B,0,0,F,F,1,113.348941,23.141911
671,3,1271,0,436051679,5122,residential, , ,B,0,0,F,F,1,113.348158,23.09562
672,3,1272,0,400487953,5122,residential, , ,B,0,0,F,F,1,113.349231,23.153873
673,3,1273,0,328122413,5122,residential, , ,B,0,0,F,F,1,113.349019,23.141436
674,2,1274,0,328122407,5122,residential,玉兰路, ,B,0,0,F,F,1,113.349078,23.142928
675,3,1276,0,436051675,5122,residential, , ,B,0,0,F,F,1,113.348354,23.097081
676,3,1278,0,188262511,5122,residential, , ,B,0,0,F,F,1,113.349444,23.153502
677,3,1279,0,188255508,5122,residential, , ,B,0,0,F,F,1,113.349623,23.160805
678,3,1280,0,436051677,5122,residential, , ,B,0,0,F,F,1,113.348492,23.095428
679,3,1282,0,436051675,5122,residential, , ,B,0,0,F,F,1,113.348497,23.094159
680,2,1283,0,188280869,5122,residential,凤浦中路, ,B,0,0,F,F,1,113.348735,23.099781
681,3,1284,0,188255494,5122,residential, , ,B,0,0,F,F,1,113.350139,23.159796
682,3,1285,0,436051676,5122,residential, , ,B,0,0,F,F,1,113.349035,23.095428
683,3,1286,0,436051675,5122,residential, , ,B,0,0,F,F,1,113.349029,23.094332
684,3,1288,0,436051675,5122,residential, , ,B,0,0,F,F,1,113.349168,23.097079
685,3,1290,0,436051675,5122,residential, , ,B,0,0,F,F,1,113.349447,23.097079
686,2,1291,0,188244790,5122,residential, , ,B,0,0,F,F,1,113.350702,23.164806
687,2,1293,0,188244790,5122,residential, , ,B,0,0,F,F,1,113.350869,23.166511
688,3,1294,0,188244790,5122,residential, , ,B,0,0,F,F,1,113.350854,23.165657
689,3,1295,0,188244790,5122,residential, , ,B,0,0,F,F,1,113.350848,23.165306
690,2,1296,0,365982495,5141,service, , ,B,0,0,F,F,1,113.350446,23.140789
691,4,1297,0,188255494,5122,residential, , ,B,0,0,F,F,1,113.350782,23.158813
692,2,1298,0,328122395,5122,residential, , ,B,0,0,F,F,1,113.350486,23.140691
693,2,1300,0,394547002,5122,residential,玉兰路, ,B,0,0,F,F,1,113.350841,23.143273
694,4,1301,0,400487951,5122,residential, , ,B,0,0,F,F,1,113.351112,23.153776
695,3,1302,0,365982493,5122,residential, , ,B,0,0,F,F,1,113.351061,23.141472
696,3,1304,0,188262511,5122,residential, , ,B,0,0,F,F,1,113.351344,23.149953
697,3,1305,0,188244788,5122,residential, , ,B,0,0,F,F,1,113.351634,23.165656
698,4,1306,0,188244785,5122,residential, , ,B,0,0,F,F,1,113.351636,23.165301
699,4,1307,0,188244771,5122,residential, , ,B,0,0,F,F,1,113.351646,23.158621
700,3,1308,0,188244771,5122,residential, , ,B,0,0,F,F,1,113.351692,23.158799
701,3,1309,0,188241043,5122,residential, , ,B,0,0,F,F,1,113.35101,23.118628
702,3,1310,0,188241043,5122,residential, , ,B,0,0,F,F,1,113.351034,23.118714
703,3,1311,0,188244771,5122,residential, , ,B,0,0,F,F,1,113.351751,23.155677
704,3,1312,0,328122414,5122,residential, , ,B,0,0,F,F,1,113.35155,23.142335
705,3,1314,0,188280306,5122,residential, , ,B,0,0,F,F,1,113.350921,23.09826
706,3,1315,0,365982492,5122,residential, , ,B,0,0,F,F,1,113.351745,23.141122
707,2,1317,0,444672172,5122,residential,美景路, ,B,0,0,F,F,1,113.352421,23.171059
708,2,1318,0,446458184,5122,residential,美景路, ,B,0,0,F,F,1,113.352532,23.171948
709,3,1319,0,188241043,5122,residential, , ,B,0,0,F,F,1,113.351712,23.122223
710,3,1320,0,188244785,5122,residential, , ,B,0,0,F,F,1,113.352489,23.165289
711,2,1321,0,188244770,5122,residential, , ,B,0,0,F,F,1,113.35256,23.165407
712,3,1322,0,188244786,5122,residential, , ,B,0,0,F,F,1,113.352589,23.166291
713,3,1323,0,188244788,5122,residential, , ,B,0,0,F,F,1,113.352602,23.165653
714,3,1324,0,188244770,5122,residential, , ,B,0,0,F,F,1,113.352607,23.165412
715,3,1326,0,188244787,5122,residential, , ,B,0,0,F,F,1,113.352631,23.165219
716,4,1327,0,188244807,5122,residential, , ,B,0,0,F,F,1,113.352646,23.164709
717,3,1328,0,188244770,5122,residential, , ,B,0,0,F,F,1,113.352699,23.165341
718,3,1329,0,329986444,5122,residential, , ,B,0,0,F,F,1,113.352927,23.172957
719,2,1330,0,328122414,5122,residential, , ,B,0,0,F,F,1,113.352487,23.142339
720,4,1334,0,188244771,5122,residential, , ,B,0,0,F,F,1,113.353271,23.160737
721,3,1335,0,188244769,5122,residential, , ,B,0,0,F,F,1,113.353376,23.160677
722,3,1336,0,444595969,5122,residential, , ,B,0,0,F,F,1,113.353856,23.175454
723,3,1337,0,188244775,5122,residential, , ,B,0,0,F,F,1,113.353659,23.15567
724,2,1338,0,188244764,5122,residential, , ,B,0,0,F,F,1,113.353809,23.163716
725,2,1339,0,360207050,5135,tertiary_link, , ,B,0,0,F,F,1,113.353666,23.154684
726,3,1347,0,188244764,5122,residential, , ,B,0,0,F,F,1,113.354612,23.163955
727,3,1348,0,188244800,5122,residential, , ,B,0,0,F,F,1,113.355017,23.164706
728,3,1349,0,315857272,5122,residential, , ,B,0,0,F,F,1,113.355622,23.194096
729,3,1352,0,188244800,5122,residential, , ,B,0,0,F,F,1,113.35545,23.164705
730,2,1354,0,436051673,5154,path, , ,B,0,0,F,F,1,113.354393,23.097622
731,2,1356,0,205491401,5122,residential, , ,B,0,0,F,F,1,113.355635,23.16192
732,3,1357,0,205491401,5122,residential, , ,B,0,0,F,F,1,113.355661,23.161904
733,3,1358,0,444600052,5122,residential,兴科路, ,B,0,0,F,F,1,113.355939,23.175865
734,3,1359,0,188244781,5122,residential,东方二路, ,B,0,0,F,F,1,113.355221,23.133974
735,3,1360,0,188244810,5122,residential,东方三路, ,B,0,0,F,F,1,113.355198,23.131422
736,2,1364,0,444595971,5122,residential, , ,B,0,0,F,F,1,113.356151,23.176131
737,3,1366,0,102596675,5122,residential, , ,B,0,0,F,F,1,113.355247,23.113933
738,3,1367,0,102596675,5122,residential, , ,B,0,0,F,F,1,113.355268,23.114052
739,2,1368,0,436051672,5121,unclassified, , ,B,0,0,F,F,1,113.355098,23.097481
740,3,1371,0,188280869,5122,residential,凤浦中路, ,B,0,0,F,F,1,113.355369,23.098569
741,3,1374,0,205491401,5122,residential, , ,B,0,0,F,F,1,113.356716,23.161613
742,3,1375,0,315857184,5122,residential, , ,B,0,0,F,F,1,113.357344,23.192473
743,3,1378,0,315857272,5122,residential, , ,B,0,0,F,F,1,113.357873,23.192172
744,3,1381,0,315857237,5122,residential, , ,B,0,0,F,F,1,113.358127,23.19202
745,3,1388,0,188280869,5122,residential,凤浦中路, ,B,0,0,F,F,1,113.35903,23.097903
746,3,1395,0,188280869,5122,residential,凤浦中路, ,B,0,0,F,F,1,113.362955,23.097759
747,3,1396,0,188280869,5122,residential,凤浦中路, ,B,0,0,F,F,1,113.363129,23.097737
748,3,1399,0,188280869,5122,residential,凤浦中路, ,B,0,0,F,F,1,113.365953,23.097596
749,3,1406,0,313819928,5154,path, , ,B,0,0,F,F,1,113.37557,23.144075
750,2,1409,0,313819933,5141,service, , ,B,0,0,F,F,1,113.380069,23.144107
